{
  "$schema": "http://json-schema.org/draft-06/schema#",
  "$id": "urn:OCPP:Cp:2:2019:12:Get15118EVCertificateResponse",
  "comment": "Errata sheet - release candidate",
  "definitions": {
    "CustomDataType": {
      "description": "This class does not get 'AdditionalProperties = false' in the schema generation, so it can be extended with arbitrary JSON properties to allow adding custom data.",
      "javaType": "CustomData",
      "type": "object",
      "properties": {
        "vendorId": {
          "type": "string",
          "maxLength": 255
        }
      },
      "required": [
        "vendorId"
      ]
    },
    "Iso15118EVCertificateStatusEnumType": {
      "description": "Indicates whether the message was processed properly.\r\n",
      "javaType": "Iso15118EVCertificateStatusEnum",
      "type": "string",
      "additionalProperties": false,
      "enum": [
        "Accepted",
        "Failed"
      ]
    }
  },
  "type": "object",
  "additionalProperties": false,
  "properties": {
    "customData": {
      "$ref": "#/definitions/CustomDataType"
    },
    "status": {
      "$ref": "#/definitions/Iso15118EVCertificateStatusEnumType"
    },
    "exiResponse": {
      "description": "Raw CertificateInstallationRes response for the EV, Base64 encoded.\r\n",
      "type": "string",
      "maxLength": 5600
    }
  },
  "required": [
    "status",
    "exiResponse"
  ]
}