{
  "$schema": "http://json-schema.org/draft-06/schema#",
  "$id": "urn:OCPP:Cp:2:2019:12:GetCertificateStatusResponse",
  "comment": "Errata sheet - release candidate",
  "definitions": {
    "CustomDataType": {
      "description": "This class does not get 'AdditionalProperties = false' in the schema generation, so it can be extended with arbitrary JSON properties to allow adding custom data.",
      "javaType": "CustomData",
      "type": "object",
      "properties": {
        "vendorId": {
          "type": "string",
          "maxLength": 255
        }
      },
      "required": [
        "vendorId"
      ]
    },
    "GetCertificateStatusEnumType": {
      "description": "This indicates whether the charging station was able to retrieve the OCSP certificate status.\r\n",
      "javaType": "GetCertificateStatusEnum",
      "type": "string",
      "additionalProperties": false,
      "enum": [
        "Accepted",
        "Failed"
      ]
    }
  },
  "type": "object",
  "additionalProperties": false,
  "properties": {
    "customData": {
      "$ref": "#/definitions/CustomDataType"
    },
    "status": {
      "$ref": "#/definitions/GetCertificateStatusEnumType"
    },
    "ocspResult": {
      "description": "OCSPResponse class as defined in &lt;&lt;ref-ocpp_security_24, IETF RFC 6960&gt;&gt;. DER encoded (as defined in &lt;&lt;ref-ocpp_security_24, IETF RFC 6960&gt;&gt;), and then base64 encoded. MAY only be omitted when status is not Accepted.\r\n",
      "type": "string",
      "maxLength": 5500
    }
  },
  "required": [
    "status"
  ]
}