{
  "$schema": "http://json-schema.org/draft-06/schema#",
  "$id": "urn:OCPP:Cp:2:2019:12:GetLogResponse",
  "comment": "Errata sheet - release candidate",
  "definitions": {
    "CustomDataType": {
      "description": "This class does not get 'AdditionalProperties = false' in the schema generation, so it can be extended with arbitrary JSON properties to allow adding custom data.",
      "javaType": "CustomData",
      "type": "object",
      "properties": {
        "vendorId": {
          "type": "string",
          "maxLength": 255
        }
      },
      "required": [
        "vendorId"
      ]
    },
    "LogStatusEnumType": {
      "description": "This field indicates whether the Charging Station was able to accept the request.\r\n",
      "javaType": "LogStatusEnum",
      "type": "string",
      "additionalProperties": false,
      "enum": [
        "Accepted",
        "Rejected",
        "AcceptedCanceled"
      ]
    }
  },
  "type": "object",
  "additionalProperties": false,
  "properties": {
    "customData": {
      "$ref": "#/definitions/CustomDataType"
    },
    "status": {
      "$ref": "#/definitions/LogStatusEnumType"
    },
    "filename": {
      "description": "This contains the name of the log file that will be uploaded. This field is not present when no logging information is available.\r\n",
      "type": "string",
      "maxLength": 255
    }
  },
  "required": [
    "status"
  ]
}