{
  "$schema": "http://json-schema.org/draft-06/schema#",
  "$id": "urn:OCPP:Cp:2:2019:12:GetLogRequest",
  "comment": "Errata sheet - release candidate",
  "definitions": {
    "CustomDataType": {
      "description": "This class does not get 'AdditionalProperties = false' in the schema generation, so it can be extended with arbitrary JSON properties to allow adding custom data.",
      "javaType": "CustomData",
      "type": "object",
      "properties": {
        "vendorId": {
          "type": "string",
          "maxLength": 255
        }
      },
      "required": [
        "vendorId"
      ]
    },
    "LogEnumType": {
      "description": "This contains the type of log file that the Charging Station\r\nshould send.\r\n",
      "javaType": "LogEnum",
      "type": "string",
      "additionalProperties": false,
      "enum": [
        "DiagnosticsLog",
        "SecurityLog"
      ]
    },
    "LogParametersType": {
      "description": "Log\r\nurn:x-enexis:ecdm:uid:2:233373\r\nGeneric class for the configuration of logging entries.\r\n",
      "javaType": "LogParameters",
      "type": "object",
      "additionalProperties": false,
      "properties": {
        "customData": {
          "$ref": "#/definitions/CustomDataType"
        },
        "remoteLocation": {
          "description": "Log. Remote_ Location. URI\r\nurn:x-enexis:ecdm:uid:1:569484\r\nThe URL of the location at the remote system where the log should be stored.\r\n",
          "type": "string",
          "maxLength": 512
        },
        "oldestTimestamp": {
          "description": "Log. Oldest_ Timestamp. Date_ Time\r\nurn:x-enexis:ecdm:uid:1:569477\r\nThis contains the date and time of the oldest logging information to include in the diagnostics.\r\n",
          "type": "string",
          "format": "date-time"
        },
        "latestTimestamp": {
          "description": "Log. Latest_ Timestamp. Date_ Time\r\nurn:x-enexis:ecdm:uid:1:569482\r\nThis contains the date and time of the latest logging information to include in the diagnostics.\r\n",
          "type": "string",
          "format": "date-time"
        }
      },
      "required": [
        "remoteLocation"
      ]
    }
  },
  "type": "object",
  "additionalProperties": false,
  "properties": {
    "customData": {
      "$ref": "#/definitions/CustomDataType"
    },
    "log": {
      "$ref": "#/definitions/LogParametersType"
    },
    "logType": {
      "$ref": "#/definitions/LogEnumType"
    },
    "requestId": {
      "description": "The Id of this request\r\n",
      "type": "integer"
    },
    "retries": {
      "description": "This specifies how many times the Charging Station must try to upload the log before giving up. If this field is not present, it is left to Charging Station to decide how many times it wants to retry.\r\n",
      "type": "integer"
    },
    "retryInterval": {
      "description": "The interval in seconds after which a retry may be attempted. If this field is not present, it is left to Charging Station to decide how long to wait between attempts.\r\n",
      "type": "integer"
    }
  },
  "required": [
    "logType",
    "requestId",
    "log"
  ]
}