{
  "$schema": "http://json-schema.org/draft-06/schema#",
  "$id": "urn:OCPP:Cp:2:2019:12:InstallCertificateRequest",
  "comment": "Errata sheet - release candidate",
  "definitions": {
    "CustomDataType": {
      "description": "This class does not get 'AdditionalProperties = false' in the schema generation, so it can be extended with arbitrary JSON properties to allow adding custom data.",
      "javaType": "CustomData",
      "type": "object",
      "properties": {
        "vendorId": {
          "type": "string",
          "maxLength": 255
        }
      },
      "required": [
        "vendorId"
      ]
    },
    "InstallCertificateUseEnumType": {
      "description": "Indicates the certificate type that is sent.\r\n",
      "javaType": "InstallCertificateUseEnum",
      "type": "string",
      "additionalProperties": false,
      "enum": [
        "V2GRootCertificate",
        "MORootCertificate",
        "CSMSRootCertificate",
        "ManufacturerRootCertificate"
      ]
    }
  },
  "type": "object",
  "additionalProperties": false,
  "properties": {
    "customData": {
      "$ref": "#/definitions/CustomDataType"
    },
    "certificateType": {
      "$ref": "#/definitions/InstallCertificateUseEnumType"
    },
    "certificate": {
      "description": "A X.509 certificate, first DER encoded into binary, and then Base64 encoded.\r\n",
      "type": "string",
      "maxLength": 5500
    }
  },
  "required": [
    "certificateType",
    "certificate"
  ]
}