{
  "$schema": "http://json-schema.org/draft-06/schema#",
  "$id": "urn:OCPP:Cp:2:2019:12:PublishFirmwareStatusNotificationRequest",
  "comment": "Errata sheet - release candidate",
  "definitions": {
    "CustomDataType": {
      "description": "This class does not get 'AdditionalProperties = false' in the schema generation, so it can be extended with arbitrary JSON properties to allow adding custom data.",
      "javaType": "CustomData",
      "type": "object",
      "properties": {
        "vendorId": {
          "type": "string",
          "maxLength": 255
        }
      },
      "required": [
        "vendorId"
      ]
    },
    "PublishFirmwareStatusEnumType": {
      "description": "This contains the progress status of the publishfirmware\r\ninstallation.\r\n",
      "javaType": "PublishFirmwareStatusEnum",
      "type": "string",
      "additionalProperties": false,
      "enum": [
        "Downloaded",
        "DownloadFailed",
        "Downloading",
        "DownloadScheduled",
        "DownloadPaused",
        "PublishFailed",
        "Published",
        "InvalidChecksum",
        "ChecksumVerified"
      ]
    }
  },
  "type": "object",
  "additionalProperties": false,
  "properties": {
    "customData": {
      "$ref": "#/definitions/CustomDataType"
    },
    "status": {
      "$ref": "#/definitions/PublishFirmwareStatusEnumType"
    },
    "location": {
      "description": "Required if status is Published. Can be multiple URI’s, if the Local Controller supports e.g. HTTP, HTTPS, and FTP.\r\n",
      "type": "array",
      "additionalItems": false,
      "items": {
        "type": "string",
        "maxLength": 512
      },
      "minItems": 1
    },
    "requestId": {
      "description": "The request id that was\r\nprovided in the\r\nPublishFirmwareRequest which\r\ntriggered this action.\r\n",
      "type": "integer"
    }
  },
  "required": [
    "status"
  ]
}