{
  "$schema": "http://json-schema.org/draft-06/schema#",
  "$id": "urn:OCPP:Cp:2:2019:12:RequestStartTransactionResponse",
  "comment": "Errata sheet - release candidate",
  "definitions": {
    "CustomDataType": {
      "description": "This class does not get 'AdditionalProperties = false' in the schema generation, so it can be extended with arbitrary JSON properties to allow adding custom data.",
      "javaType": "CustomData",
      "type": "object",
      "properties": {
        "vendorId": {
          "type": "string",
          "maxLength": 255
        }
      },
      "required": [
        "vendorId"
      ]
    },
    "RequestStartStopStatusEnumType": {
      "description": "Status indicating whether the Charging Station accepts the request to start a transaction.\r\n",
      "javaType": "RequestStartStopStatusEnum",
      "type": "string",
      "additionalProperties": false,
      "enum": [
        "Accepted",
        "Rejected"
      ]
    }
  },
  "type": "object",
  "additionalProperties": false,
  "properties": {
    "customData": {
      "$ref": "#/definitions/CustomDataType"
    },
    "status": {
      "$ref": "#/definitions/RequestStartStopStatusEnumType"
    },
    "transactionId": {
      "description": "When the transaction was already started by the Charging Station before the RequestStartTransactionRequest was received, for example: cable plugged in first. This contains the transactionId of the already started transaction.\r\n",
      "type": "string",
      "maxLength": 36
    }
  },
  "required": [
    "status"
  ]
}