{
  "$schema": "http://json-schema.org/draft-06/schema#",
  "$id": "urn:OCPP:Cp:2:2019:12:SetChargingProfileResponse",
  "comment": "Errata sheet - release candidate",
  "definitions": {
    "CustomDataType": {
      "description": "This class does not get 'AdditionalProperties = false' in the schema generation, so it can be extended with arbitrary JSON properties to allow adding custom data.",
      "javaType": "CustomData",
      "type": "object",
      "properties": {
        "vendorId": {
          "type": "string",
          "maxLength": 255
        }
      },
      "required": [
        "vendorId"
      ]
    },
    "ChargingProfileStatusEnumType": {
      "description": "Returns whether the Charging Station has been able to process the message successfully. This does not guarantee the schedule will be followed to the letter. There might be other constraints the Charging Station may need to take into account.\r\n",
      "javaType": "ChargingProfileStatusEnum",
      "type": "string",
      "additionalProperties": false,
      "enum": [
        "Accepted",
        "Rejected"
      ]
    }
  },
  "type": "object",
  "additionalProperties": false,
  "properties": {
    "customData": {
      "$ref": "#/definitions/CustomDataType"
    },
    "status": {
      "$ref": "#/definitions/ChargingProfileStatusEnumType"
    }
  },
  "required": [
    "status"
  ]
}