{
  "$schema": "http://json-schema.org/draft-06/schema#",
  "$id": "urn:OCPP:Cp:2:2019:12:SetDisplayMessageResponse",
  "comment": "Errata sheet - release candidate",
  "definitions": {
    "CustomDataType": {
      "description": "This class does not get 'AdditionalProperties = false' in the schema generation, so it can be extended with arbitrary JSON properties to allow adding custom data.",
      "javaType": "CustomData",
      "type": "object",
      "properties": {
        "vendorId": {
          "type": "string",
          "maxLength": 255
        }
      },
      "required": [
        "vendorId"
      ]
    },
    "DisplayMessageStatusEnumType": {
      "description": "This indicates whether the Charging Station is able to display the message.\r\n",
      "javaType": "DisplayMessageStatusEnum",
      "type": "string",
      "additionalProperties": false,
      "enum": [
        "Accepted",
        "NotSupportedMessageFormat",
        "Rejected",
        "NotSupportedPriority",
        "NotSupportedState",
        "UnknownTransaction"
      ]
    }
  },
  "type": "object",
  "additionalProperties": false,
  "properties": {
    "customData": {
      "$ref": "#/definitions/CustomDataType"
    },
    "status": {
      "$ref": "#/definitions/DisplayMessageStatusEnumType"
    }
  },
  "required": [
    "status"
  ]
}