{
  "$schema": "http://json-schema.org/draft-06/schema#",
  "$id": "urn:OCPP:Cp:2:2019:12:SetMonitoringLevelRequest",
  "comment": "Errata sheet - release candidate",
  "definitions": {
    "CustomDataType": {
      "description": "This class does not get 'AdditionalProperties = false' in the schema generation, so it can be extended with arbitrary JSON properties to allow adding custom data.",
      "javaType": "CustomData",
      "type": "object",
      "properties": {
        "vendorId": {
          "type": "string",
          "maxLength": 255
        }
      },
      "required": [
        "vendorId"
      ]
    }
  },
  "type": "object",
  "additionalProperties": false,
  "properties": {
    "customData": {
      "$ref": "#/definitions/CustomDataType"
    },
    "severity": {
      "description": "The Charging Station SHALL only report events with a severity number lower than or equal to this severity.\r\nThe severity range is 0-9, with 0 as the highest and 9 as the lowest severity level.\r\n\r\nThe severity levels have the following meaning: +\r\n*0-Danger* +\r\nIndicates lives are potentially in danger. Urgent attention is needed and action should be taken immediately. +\r\n*1-Hardware Failure* +\r\nIndicates that the Charging Station is unable to continue regular operations due to Hardware issues. Action is required. +\r\n*2-System Failure* +\r\nIndicates that the Charging Station is unable to continue regular operations due to software or minor hardware issues. Action is required. +\r\n*3-Critical* +\r\nIndicates a critical error. Action is required. +\r\n*4-Error* +\r\nIndicates a non-urgent error. Action is required. +\r\n*5-Alert* +\r\nIndicates an alert event. Default severity for any type of monitoring event.  +\r\n*6-Warning* +\r\nIndicates a warning event. Action may be required. +\r\n*7-Notice* +\r\nIndicates an unusual event. No immediate action is required. +\r\n*8-Informational* +\r\nIndicates a regular operational event. May be used for reporting, measuring throughput, etc. No action is required. +\r\n*9-Debug* +\r\nIndicates information useful to developers for debugging, not useful during operations.\r\n\r\n\r\n",
      "type": "integer"
    }
  },
  "required": [
    "severity"
  ]
}